City,Lat,Lng,Max Temp,Humidity,Cloudiness,Wind Speed,Country,Date
East London,-33.02,27.91,60.8,77,71,5.82,ZA,1603048285
Snezhnogorsk,69.19,33.25,21.2,100,25,2.24,RU,1603048286
Khatanga,71.97,102.5,6.89,86,71,8.72,RU,1603048286
Avarua,-21.21,-159.78,77.0,73,95,6.93,CK,1603048286
Shwebo,22.57,95.7,76.53,84,99,3.0,MM,1603048287
Yeppoon,-23.13,150.73,64.4,88,13,3.22,AU,1603048089
Jamestown,42.1,-79.24,59.0,51,1,13.87,US,1603048287
Riyadh,24.69,46.72,73.4,23,0,6.82,SA,1603048288
Busselton,-33.65,115.33,59.0,53,0,8.84,AU,1603048288
Yarmouth,41.71,-70.23,60.01,47,1,6.93,US,1603048288
Bambous Virieux,-20.34,57.76,73.4,78,20,6.93,MU,1603048288
Half Moon Bay,37.46,-122.43,78.01,64,5,4.7,US,1603048289
Madison,34.73,-86.57,73.0,53,1,12.75,US,1603048289
Hilo,19.73,-155.09,71.6,83,90,5.82,US,1603048206
Tilichiki,60.47,166.1,34.23,89,100,6.46,RU,1603048289
Tasiilaq,65.61,-37.64,32.0,90,51,10.29,GL,1603048289
New Norfolk,-42.78,147.06,50.0,57,90,9.17,AU,1603048290
Esperance,-33.87,121.9,55.4,87,100,10.29,AU,1603048290
Longyearbyen,78.22,15.64,24.8,79,20,9.17,SJ,1603048046
Arraial do Cabo,-22.97,-42.03,77.0,69,40,17.22,BR,1603048290
Chimbote,-9.09,-78.58,68.76,67,46,10.92,PE,1603048291
Punta Arenas,-53.15,-70.92,48.2,61,75,25.28,CL,1603048291
Kapaa,22.08,-159.32,80.01,94,75,13.87,US,1603048291
Bethel,41.37,-73.41,60.8,44,40,10.29,US,1603048291
Saldanha,-33.01,17.94,60.8,72,100,9.17,ZA,1603048292
Clyde River,70.47,-68.59,26.6,86,90,5.82,CA,1603048292
Nakasongola,1.31,32.46,66.61,94,100,4.61,UG,1603048292
Yelkhovka,53.87,50.28,55.4,66,40,17.9,RU,1603048292
Tuktoyaktuk,69.45,-133.04,14.0,85,20,4.7,CA,1603048292
Kofelē,7.07,38.78,52.9,94,97,1.63,ET,1603048293
Mitú,1.2,-70.17,90.48,50,98,0.85,CO,1603048293
Contamana,-7.33,-75.02,99.39,30,23,5.28,PE,1603048293
Hasaki,35.73,140.83,51.8,87,20,4.7,JP,1603048293
Carnarvon,-24.87,113.63,69.8,83,90,12.75,AU,1603048294
Dandeli,15.27,74.62,69.87,96,95,2.21,IN,1603048294
Stornoway,58.21,-6.39,45.0,87,100,4.7,GB,1603048039
Mataura,-46.19,168.86,46.99,94,100,1.23,NZ,1603048294
Rikitea,-23.12,-134.97,74.97,80,100,20.31,PF,1603048295
Vaini,-21.2,-175.2,69.8,88,75,10.29,TO,1603048295
Bāsār,27.98,94.67,66.72,90,9,2.44,IN,1603048295
Qaqortoq,60.72,-46.03,37.4,74,57,3.36,GL,1603048295
Nikolskoye,59.7,30.79,37.0,93,90,4.47,RU,1603048296
Cherskiy,68.75,161.3,18.73,91,72,7.36,RU,1603048296
Simpang,-1.27,104.08,74.64,88,58,2.95,ID,1603048296
Kristinestad,62.27,21.38,34.59,96,100,19.55,FI,1603048296
Buraidah,26.33,43.98,75.2,22,0,6.93,SA,1603048297
Qaanaaq,77.48,-69.36,32.95,88,93,8.59,GL,1603048297
Yangshan,28.76,115.03,54.09,84,100,2.71,CN,1603048297
Butaritari,3.07,172.79,81.82,72,99,17.9,KI,1603048297
Umm Kaddadah,13.6,26.69,89.73,12,0,7.34,SD,1603048298
Goderich,43.75,-81.72,52.0,84,100,27.04,CA,1603048298
Hobart,-42.88,147.33,50.0,57,90,9.17,AU,1603048273
Vanimo,-2.67,141.3,77.32,85,100,4.65,PG,1603048298
Faanui,-16.48,-151.75,79.09,81,9,10.18,PF,1603048298
Bredasdorp,-34.53,20.04,60.8,77,100,2.24,ZA,1603048299
Enshi,30.3,109.48,53.13,84,74,1.16,CN,1603048299
Christchurch,-43.53,172.63,53.01,100,100,1.12,NZ,1603048008
Shache,38.42,77.24,46.72,47,0,5.28,CN,1603048299
Albany,42.6,-73.97,61.0,42,100,11.65,US,1603048193
Ploemeur,47.73,-3.43,48.99,81,100,3.36,FR,1603048300
Fortuna,40.6,-124.16,62.6,63,20,13.87,US,1603048300
Ouadda,8.08,22.4,71.82,81,26,2.68,CF,1603048270
Saint George,37.1,-113.58,78.01,14,1,4.07,US,1603048011
Russell,32.35,-85.2,77.0,57,1,6.93,US,1603048301
Lengshuitan,26.41,111.6,56.62,88,93,2.86,CN,1603048301
Honningsvåg,70.98,25.97,37.4,71,75,4.7,NO,1603048301
Tres Arroyos,-38.37,-60.28,74.84,54,57,5.82,AR,1603048301
Ushuaia,-54.8,-68.3,46.4,67,40,12.75,AR,1603048196
Lompoc,34.64,-120.46,69.8,52,1,4.7,US,1603048302
Loralai,30.37,68.6,58.14,23,0,5.75,PK,1603048090
Timizart,36.8,4.27,57.6,78,0,3.51,DZ,1603048302
Leningradskiy,69.38,178.42,22.28,87,0,6.6,RU,1603048302
Itarema,-2.92,-39.92,83.53,61,88,18.52,BR,1603048303
Hermanus,-34.42,19.23,61.0,81,100,4.99,ZA,1603048303
Boshnyakovo,49.63,142.17,34.21,80,54,19.28,RU,1603048303
Ponta do Sol,32.67,-17.1,73.4,83,40,27.51,PT,1603048303
Ribeira Grande,38.52,-28.7,64.4,59,40,13.87,PT,1603048303
Norman Wells,65.28,-126.83,12.2,92,20,2.24,CA,1603048304
Talcahuano,-36.72,-73.12,62.6,45,0,11.41,CL,1603048304
Dikson,73.51,80.55,27.16,89,99,29.97,RU,1603048304
Shimoda,34.67,138.95,55.0,75,80,10.6,JP,1603048304
College,64.86,-147.8,12.2,78,75,0.96,US,1603048179
Castro,-24.79,-50.01,69.66,72,99,8.16,BR,1603048305
Yar-Sale,66.83,70.83,20.53,96,39,9.4,RU,1603048305
Chico,39.73,-121.84,87.01,25,20,3.38,US,1603048305
Port Hedland,-20.32,118.57,71.6,83,0,10.29,AU,1603048305
Puerto Ayora,-0.74,-90.35,77.0,73,40,17.22,EC,1603048306
Hofn,64.25,-15.21,42.87,74,90,15.55,IS,1603048306
Seminole,28.71,-81.21,82.99,65,90,18.34,US,1603048276
Sangar,63.92,127.47,14.77,96,97,6.2,RU,1603048307
Port Elizabeth,-33.92,25.57,59.0,87,0,9.17,ZA,1603048307
Ambulu,-8.35,113.61,75.18,89,59,4.43,ID,1603048307
Ruidoso,33.33,-105.67,77.0,9,1,14.99,US,1603048023
Alexandria,31.22,29.96,75.2,78,0,8.05,EG,1603048041
Necochea,-38.55,-58.74,63.7,74,38,10.04,AR,1603048308
Mahébourg,-20.41,57.7,73.4,78,20,6.93,MU,1603048308
Ancud,-41.87,-73.82,51.01,87,75,13.87,CL,1603048068
Pisco,-13.7,-76.22,66.0,82,90,8.05,PE,1603048308
Pāthardi,19.17,75.18,77.11,83,100,4.56,IN,1603048309
Tiksi,71.69,128.87,18.41,96,100,16.6,RU,1603048309
Barrow,71.29,-156.79,21.2,79,40,13.87,US,1603048309
Sitka,57.05,-135.33,44.6,56,90,8.05,US,1603048310
Pacific Grove,36.62,-121.92,66.99,55,1,4.7,US,1603048310
Felanitx,39.47,3.15,61.0,67,20,3.36,ES,1603048310
San Quintín,30.48,-115.95,81.55,44,100,15.61,MX,1603048310
Kendari,-3.94,122.5,76.55,84,100,2.59,ID,1603048311
Tuatapere,-46.13,167.68,46.99,94,100,0.92,NZ,1603048311
Okha,53.57,142.95,35.04,88,76,19.33,RU,1603048116
Tiznit Province,29.58,-9.5,69.94,36,100,2.46,MA,1603048312
Derzhavīnsk,51.1,66.32,39.06,63,0,9.22,KZ,1603048312
Souillac,-20.52,57.52,73.4,78,20,6.93,MU,1603048312
Lagoa,39.05,-27.98,62.67,65,97,16.84,PT,1603048312
Batouri,4.43,14.37,72.1,86,53,0.94,CM,1603048116
Rockhampton,-23.38,150.5,64.4,88,0,2.15,AU,1603048313
Namatanai,-3.67,152.43,79.56,75,0,5.28,PG,1603048313
Sakhnovshchyna,49.15,35.87,48.43,71,0,6.29,UA,1603048313
Carutapera,-1.2,-46.02,85.33,61,98,9.44,BR,1603048313
Shahrud,36.42,54.98,52.97,34,0,0.29,IR,1603048314
Kahului,20.89,-156.47,80.6,69,40,3.36,US,1603048314
Sioux Lookout,50.1,-91.92,32.0,84,90,5.82,CA,1603048314
Jacareacanga,-6.22,-57.75,97.25,35,56,5.06,BR,1603048315
Délegyháza,47.24,19.09,48.99,87,0,1.12,HU,1603048315
Nabire,-3.37,135.48,75.33,87,100,2.42,ID,1603048315
Camacha,33.08,-16.33,69.8,94,40,12.75,PT,1603048315
Bluff,-46.6,168.33,46.99,94,100,4.79,NZ,1603048316
Cabo San Lucas,22.89,-109.91,89.6,62,5,11.41,MX,1603048316
Gamba,-2.65,10.0,77.05,90,96,8.39,GA,1603048316
Cape Town,-33.93,18.42,62.01,77,20,16.11,ZA,1603048217
Yulara,-25.24,130.99,66.2,93,40,11.41,AU,1603048317
Itapuranga,-15.56,-49.95,80.42,58,78,4.54,BR,1603048318
South Shields,55.0,-1.43,48.0,87,75,2.24,GB,1603048318
Upernavik,72.79,-56.15,32.47,92,4,10.16,GL,1603048318
Pevek,69.7,170.31,23.5,94,93,16.64,RU,1603048319
Morganton,35.75,-81.68,64.99,42,1,2.13,US,1603048201
Chokurdakh,70.63,147.92,19.24,98,89,6.35,RU,1603048319
North Bend,43.41,-124.22,70.0,77,90,5.21,US,1603048215
Saint-Philippe,-21.36,55.77,73.4,68,7,4.7,RE,1603048320
Lebu,-37.62,-73.65,55.6,64,0,8.39,CL,1603048320
Roald,62.58,6.13,41.0,75,40,6.93,NO,1603048320
Port Lincoln,-34.73,135.87,52.27,78,62,8.81,AU,1603048320
Saint-Pierre,-21.34,55.48,73.4,69,20,5.82,RE,1603048093
Bonthe,7.53,-12.51,78.98,87,100,7.02,SL,1603048321
Talnakh,69.49,88.4,17.6,85,90,6.71,RU,1603048321
Porto-Novo,6.5,2.6,80.6,83,20,11.41,BJ,1603048321
Shibetsu,43.66,145.13,48.85,64,0,7.4,JP,1603048322
Codrington,-38.27,141.97,44.71,94,27,5.59,AU,1603048322
Naze,28.37,129.48,75.2,94,90,19.46,JP,1603048322
Dunedin,-45.87,170.5,50.0,90,100,2.08,NZ,1603048291
Dekar,-21.53,21.93,77.58,16,0,8.57,BW,1603048322
Port Alfred,-33.59,26.89,62.22,80,65,6.85,ZA,1603048323
Hithadhoo,-0.6,73.08,83.44,77,100,15.66,MV,1603048323
Ostrovnoy,68.05,39.51,34.45,87,65,13.42,RU,1603048323
Kaitangata,-46.28,169.85,50.0,90,98,1.77,NZ,1603048323
Parakou,9.34,2.63,76.15,85,0,4.12,BJ,1603048324
Rafaela,-31.25,-61.49,100.0,24,0,10.0,AR,1603048324
Tam Ky,15.57,108.48,77.0,100,75,1.12,VN,1603048185
Tura,25.52,90.22,73.31,91,0,1.99,IN,1603048324
Airai,-8.93,125.41,60.44,73,0,2.01,TL,1603048324
Cayenne,4.93,-52.33,89.6,55,20,10.29,GF,1603048325
Katsuura,35.13,140.3,57.2,76,20,12.75,JP,1603048321
Barroquinha,-3.02,-41.14,85.39,56,100,14.74,BR,1603048269
Maridi,4.92,29.47,68.79,97,100,3.02,SS,1603048325
Yellowknife,62.46,-114.35,28.0,92,90,8.05,CA,1603048326
Pochutla,15.74,-96.47,91.99,55,40,5.73,MX,1603048326
Moctezuma,29.8,-109.67,90.81,18,0,3.04,MX,1603048052
Pyu,18.48,96.43,74.48,93,58,1.52,MM,1603048326
Onguday,50.75,86.15,30.09,93,100,5.61,RU,1603048327
Angoche,-16.23,39.91,73.71,83,0,8.28,MZ,1603048327
Bengkulu,-3.8,102.27,75.7,91,100,6.76,ID,1603048327
Lillooet,50.69,-121.94,44.6,87,90,3.36,CA,1603048328
Fuente Palmera,37.7,-5.1,68.0,40,1,1.12,ES,1603048328
Teya,60.38,92.63,28.33,93,100,16.33,RU,1603048328
Killeen,31.12,-97.73,84.2,51,1,13.87,US,1603048329
Paphos,34.77,32.42,66.2,63,0,4.7,CY,1603048329
Qasigiannguit,68.82,-51.19,42.8,48,100,20.8,GL,1603048329
Lüderitz,-26.65,15.16,66.34,48,0,20.24,NA,1603048329
Geraldton,-28.77,114.6,55.4,87,0,11.92,AU,1603048329
Rundu,-17.93,19.77,75.67,16,0,6.13,NA,1603048166
Comodoro Rivadavia,-45.87,-67.5,68.0,20,20,31.09,AR,1603048330
Valdivia,-39.81,-73.25,57.2,62,75,8.05,CL,1603048330
Borzya,50.38,116.52,34.47,89,78,3.58,RU,1603048330
Ampanihy,-24.7,44.75,67.5,70,0,10.74,MG,1603048331
Havelock,34.88,-76.9,77.0,68,5,13.87,US,1603048331
Pekan,3.48,103.4,80.6,88,20,0.69,MY,1603048331
Thinadhoo,0.53,72.93,83.8,76,100,16.11,MV,1603048331
Kempele,64.91,25.5,35.01,96,90,6.93,FI,1603048331
Atuona,-9.8,-139.03,77.83,78,3,17.85,PF,1603048332
Thompson,55.74,-97.86,30.2,86,75,8.05,CA,1603048332
Marzuq,14.4,46.47,70.12,23,0,1.39,YE,1603048332
Sibu,2.3,111.82,73.4,94,40,4.7,MY,1603048332
San Patricio,28.02,-97.52,91.0,46,20,18.34,US,1603048333
Waingapu,-9.66,120.26,79.65,75,8,2.8,ID,1603048333
Leshukonskoye,64.9,45.76,30.38,98,100,5.93,RU,1603048333
Patan,27.67,85.33,66.2,93,20,2.24,NP,1603048334
Nome,64.5,-165.41,37.4,93,75,6.93,US,1603048334
Alice Springs,-23.7,133.88,73.4,38,91,9.17,AU,1603048334
Banyo,6.75,11.82,67.44,80,76,4.29,CM,1603048334
Aklavik,68.22,-135.01,10.4,85,20,3.36,CA,1603048334
Kirakira,-10.45,161.92,79.25,83,94,7.09,SB,1603048335
Coquimbo,-29.95,-71.34,59.0,77,40,12.75,CL,1603048335
Port Augusta,-32.5,137.77,51.8,81,0,5.82,AU,1603048336
Qinggang,46.68,126.08,35.76,78,0,8.21,CN,1603048336
Tarakan,3.3,117.63,80.65,82,100,6.22,ID,1603048336
Lavrentiya,65.58,-171.0,35.13,89,26,1.57,RU,1603048336
Esmeraldas,-19.76,-44.31,73.4,60,75,13.87,BR,1603048337
Batagay,67.63,134.63,14.88,96,100,3.06,RU,1603048337
Skjervøy,70.03,20.97,28.4,92,40,5.82,NO,1603048337
Bernalillo,35.05,-106.67,78.01,7,1,8.05,US,1603048337
Tauranga,-37.69,176.17,57.0,89,100,1.99,NZ,1603048338
Dingle,11.0,122.67,76.5,90,100,5.44,PH,1603048338
Okhotsk,59.38,143.3,25.21,85,42,15.08,RU,1603048338
Pitimbu,-7.47,-34.81,86.0,58,20,14.99,BR,1603048338
Kjøpsvik,68.1,16.37,36.0,86,0,6.93,NO,1603048338
Qui Nhon,13.77,109.23,76.89,85,100,6.35,VN,1603048339
Bone,51.97,12.14,50.0,89,100,1.01,DE,1603048339
Witu,-2.39,40.44,77.0,83,1,9.1,KE,1603048339
Gilgit,35.92,74.31,61.83,29,0,5.95,PK,1603048339
Lata,40.16,-8.33,63.0,50,62,4.88,PT,1603048340
Baykit,61.67,96.37,28.02,93,100,10.78,RU,1603048148
Ambon City,-3.7,128.18,79.0,93,73,6.64,ID,1603048136
Beringovskiy,63.05,179.32,33.87,87,0,4.9,RU,1603048340
Gargždai,55.71,21.4,44.6,75,75,8.05,LT,1603048340
Los Llanos de Aridane,28.66,-17.92,73.4,78,20,18.34,ES,1603048341
High Level,58.52,-117.14,23.0,62,90,2.24,CA,1603048045
Dongsheng,39.82,109.98,39.67,57,0,4.21,CN,1603048341
Salalah,17.02,54.09,78.8,44,0,3.36,OM,1603048341
Constitución,-35.33,-72.42,59.14,56,0,17.58,CL,1603048342
Havre-St-Pierre,50.23,-63.6,46.4,65,1,14.99,CA,1603048136
Wuxi,31.57,120.29,61.0,77,76,5.21,CN,1603048147
Bismarck,46.81,-100.78,28.99,58,90,13.87,US,1603048207
Tías,28.96,-13.64,69.8,77,20,5.82,ES,1603048342
Richards Bay,-28.78,32.04,73.2,82,94,14.41,ZA,1603048343
Mar del Plata,-38.0,-57.56,78.8,69,40,8.05,AR,1603048194
Bambanglipuro,-7.95,110.28,76.75,88,98,9.89,ID,1603048343
Lokosovo,61.13,74.82,26.37,95,18,12.17,RU,1603048343
Chunskiy,56.08,99.63,38.61,76,100,13.89,RU,1603048343
Severo-Kuril'sk,50.68,156.12,45.52,81,5,11.86,RU,1603048344
Gimli,50.63,-96.99,32.0,98,100,5.99,CA,1603048344
Romilly-sur-Seine,48.51,3.73,50.0,87,100,3.36,FR,1603048344
Vila Franca do Campo,37.72,-25.43,62.6,55,20,10.29,PT,1603048344
Torbay,47.67,-52.73,55.4,93,40,12.75,CA,1603048345
Quang Ngai,15.12,108.8,76.15,91,100,3.15,VN,1603048345
Caldwell,43.66,-116.69,66.2,31,1,5.82,US,1603048332
Kloulklubed,7.04,134.26,82.4,78,75,9.17,PW,1603048346
Shar,49.59,81.05,35.71,78,0,7.09,KZ,1603048346
George Town,5.41,100.34,82.4,88,20,2.24,MY,1603048346
Iralaya,15.0,-83.23,86.38,67,85,7.63,HN,1603048346
Kutum,14.2,24.67,80.31,17,0,10.33,SD,1603048346
Tambovka,50.1,128.05,33.8,50,20,4.47,RU,1603048347
Arrondissement de Saint-Denis,48.92,2.33,53.6,76,75,1.12,FR,1603048347
San Cristobal,7.77,-72.22,96.8,30,20,23.04,VE,1603048347
Port Pirie,-33.18,138.02,51.8,81,0,5.82,AU,1603048348
Vao,-22.67,167.48,70.83,81,3,17.47,NC,1603048348
Provideniya,64.38,-173.3,33.75,91,80,4.83,RU,1603048348
Sacile,45.95,12.5,53.01,88,0,2.91,IT,1603048348
Fare,-16.7,-151.02,79.68,80,42,13.65,PF,1603048348
Harper,4.38,-7.72,77.74,90,100,7.49,LR,1603048147
Mount Isa,-20.73,139.5,80.6,30,0,12.75,AU,1603048349
Kavieng,-2.57,150.8,82.15,76,83,10.67,PG,1603048349
Ketchikan,55.34,-131.65,46.4,81,90,5.06,US,1603048349
Genhe,50.78,121.52,27.23,96,0,2.71,CN,1603048350
Ilulissat,69.22,-51.1,42.8,48,100,20.8,GL,1603048350
Iqaluit,63.75,-68.51,32.0,98,90,17.22,CA,1603048350
Lorengau,-2.02,147.27,81.79,79,100,8.34,PG,1603048135
Kangaatsiaq,68.31,-53.46,38.88,75,100,20.45,GL,1603048351
Ürümqi,43.8,87.6,51.8,34,88,8.95,CN,1603048330
Kabo,7.7,18.63,76.44,71,95,0.81,CF,1603048270
Alofi,-19.06,-169.92,77.0,94,92,9.17,NU,1603048351
Wanaka,-44.7,169.15,48.99,81,100,1.01,NZ,1603048352
Kapoeta,4.77,33.59,73.17,83,99,0.83,SS,1603048352
Nanzhang,31.78,111.84,56.37,65,68,3.49,CN,1603048352
At-Bashi,41.17,75.81,38.32,62,0,2.04,KG,1603048353
Arlit,18.74,7.39,96.13,10,0,8.23,NE,1603048353
Zhumadian,32.98,114.03,56.26,53,94,0.96,CN,1603048353
Misratah,32.38,15.09,71.06,60,100,14.94,LY,1603048353
Xiaoweizhai,26.19,107.51,51.19,87,81,4.32,CN,1603048353
Morón,-34.65,-58.62,93.0,52,20,11.41,AR,1603048354
Taltal,-25.4,-70.48,64.15,58,24,5.77,CL,1603048354
Abilene,32.45,-99.73,84.2,48,1,3.36,US,1603048354
Kavaratti,10.57,72.64,81.1,80,45,11.16,IN,1603048354
Palmer,42.16,-72.33,62.6,33,75,8.05,US,1603048355
Madang,-5.22,145.8,75.13,90,100,4.56,PG,1603048355
Vila Velha,-20.33,-40.29,75.99,69,75,5.82,BR,1603048355
Pangnirtung,66.15,-65.71,46.4,61,90,25.28,CA,1603048270
Chui,-33.7,-53.46,77.23,56,0,7.83,UY,1603048355
Toora-Khem,52.47,96.11,36.37,81,100,5.23,RU,1603048356
Nur-Sultan,51.18,71.45,26.6,79,0,2.24,KZ,1603048342
Hobyo,5.35,48.53,79.92,80,0,20.76,SO,1603048356
Puerto Escondido,15.85,-97.07,87.8,62,40,4.7,MX,1603048357
Mnogovershinnyy,53.94,139.92,21.27,96,100,9.55,RU,1603048111
Saskylakh,71.92,114.08,20.7,97,100,6.02,RU,1603048357
Saint Paul Harbor,57.79,-152.41,42.8,81,90,5.82,US,1603048357
Bani Walid,31.76,13.99,65.46,55,50,10.36,LY,1603048357
Mossamedes,-15.2,12.15,69.48,75,28,6.73,AO,1603048358
Yayva,59.33,57.26,33.01,99,100,5.01,RU,1603048358
Indiaroba,-11.52,-37.51,81.3,59,0,7.34,BR,1603048336
Champerico,14.3,-91.92,89.6,62,75,6.93,GT,1603048358
Poum,-20.23,164.02,73.27,76,0,18.1,NC,1603048158
Isangel,-19.55,169.27,71.76,71,2,5.79,VU,1603048359
Asilah,35.47,-6.03,69.8,64,100,18.34,MA,1603048359
Sola,-13.88,167.55,79.14,81,38,20.51,VU,1603048359
Point Pedro,9.82,80.23,80.26,82,100,7.02,LK,1603048359
Kupang,-10.17,123.58,78.15,74,26,4.38,ID,1603048359
Guerrero Negro,27.98,-114.06,83.73,42,97,8.95,MX,1603048360
Broken Hill,-31.95,141.43,48.2,76,0,9.17,AU,1603048360
Lerwick,60.15,-1.15,41.0,86,75,3.36,GB,1603048063
Srednekolymsk,67.45,153.68,22.17,97,79,2.95,RU,1603048360
Inta,66.03,60.17,27.73,97,96,8.08,RU,1603048360
Bozoum,6.32,16.38,71.85,83,50,2.21,CF,1603048361
Pandan,14.05,124.17,81.46,85,100,11.83,PH,1603048361
Sabará,-19.89,-43.81,73.4,60,75,13.87,BR,1603048361
Verkhnevilyuysk,63.45,120.32,11.52,95,1,1.61,RU,1603048361
Hohhot,40.81,111.65,33.8,50,0,4.47,CN,1603048362
Kastamonu Province,41.5,33.67,54.28,82,100,0.98,TR,1603048362
Hualmay,-11.1,-77.61,67.95,66,10,9.71,PE,1603048362
Mayumba,-3.43,10.66,77.95,88,100,9.13,GA,1603048362
Dingli,35.86,14.38,66.0,68,56,6.93,MT,1603048363
Bilma,18.69,12.92,86.67,13,0,5.75,NE,1603048363
Vestmannaeyjar,63.44,-20.27,42.8,81,20,6.93,IS,1603048084
Lugovoy,42.95,72.76,51.12,42,0,4.36,KZ,1603048363
Arcos,-20.28,-45.54,78.42,59,92,5.95,BR,1603048363
Gallup,35.53,-108.74,75.2,11,1,11.41,US,1603048364
Mezhdurechenskiy,59.6,65.93,31.23,97,100,8.72,RU,1603048364
Bubaque,11.28,-15.83,83.05,83,0,12.39,GW,1603048364
Rovaniemi,66.5,25.72,30.2,92,90,24.16,FI,1603048364
Rawlins,41.79,-107.24,54.0,32,90,38.03,US,1603048365
Vostok,46.49,135.88,23.45,94,0,3.62,RU,1603048365
Talara,-4.58,-81.27,68.76,74,29,18.23,PE,1603048365
Kiryat Gat,31.61,34.76,78.01,82,0,4.76,IL,1603048365
Banda Aceh,5.56,95.32,81.52,69,100,11.54,ID,1603048366
Siilinjärvi,63.08,27.67,37.4,93,90,2.24,FI,1603048366
Kaeo,-35.1,173.78,55.0,97,16,5.53,NZ,1603048366
Mikhaylovka,50.06,43.24,55.0,75,100,1.99,RU,1603048366
Goroka,-6.08,145.39,57.49,85,100,0.4,PG,1603048367
Māndal,25.45,74.57,78.93,72,65,3.27,IN,1603048367
Concepción del Uruguay,-32.48,-58.24,87.39,59,3,13.51,AR,1603048367
Kudahuvadhoo,2.67,72.89,83.07,77,33,14.32,MV,1603048367
Sydney,-33.87,151.21,60.01,93,75,11.41,AU,1603048197
Stavern,59.0,10.03,42.01,52,0,8.05,NO,1603048368
Peterhead,57.51,-1.8,44.6,87,40,4.7,GB,1603048368
Jaisalmer,26.91,70.92,84.65,30,14,2.59,IN,1603048368
Nouadhibou,20.93,-17.03,86.0,37,0,11.41,MR,1603048368
Road Town,18.42,-64.62,86.0,70,40,4.7,VG,1603048246
Seybaplaya,19.65,-90.67,87.8,70,75,6.93,MX,1603048369
Watsa,3.04,29.54,65.1,99,100,1.81,CD,1603048369
Kwang Binh,17.48,106.6,73.6,90,100,2.44,VN,1603048369
Kédougou,12.56,-12.17,91.4,66,20,3.2,SN,1603048369
Pokhara,28.23,83.98,68.07,65,31,3.06,NP,1603048370
Urazovka,55.4,45.62,46.87,75,68,13.76,RU,1603048370
Kumul,42.8,93.45,48.15,43,100,3.51,CN,1603048370
Batagay-Alyta,67.8,130.41,15.42,88,99,3.89,RU,1603048370
Cockburn Town,21.46,-71.14,87.8,62,40,9.17,TC,1603048371
Morgan City,29.7,-91.21,82.4,69,75,10.29,US,1603048371
Vikhorevka,56.12,101.16,51.8,88,100,8.95,RU,1603048371
Olafsvik,64.89,-23.71,41.65,79,51,31.68,IS,1603048371
Boddam,57.47,-1.78,44.6,87,40,4.7,GB,1603048371
Chinsali,-10.54,32.08,70.29,51,0,9.62,ZM,1603048372
Salinópolis,-0.61,-47.36,83.79,68,28,11.7,BR,1603048372
Dickinson,29.46,-95.05,87.01,55,40,12.75,US,1603048277
Deputatsky,69.3,139.9,13.3,96,100,9.44,RU,1603048372
Mayya,61.73,130.28,14.0,85,84,4.47,RU,1603048373
Port-Gentil,-0.72,8.78,78.8,88,75,12.75,GA,1603048373
Havøysund,71.0,24.66,37.4,73,75,4.7,NO,1603048373
Dudinka,69.41,86.18,17.6,85,90,6.71,RU,1603048373
Omboué,-1.57,9.26,76.93,90,100,7.38,GA,1603048373
Moranbah,-22.0,148.05,62.58,81,0,5.86,AU,1603048374
Edson,53.58,-116.44,15.8,78,90,2.8,CA,1603048087
Negombo,7.21,79.84,80.6,88,75,4.7,LK,1603048374
Usinsk,65.99,57.53,25.61,96,49,0.72,RU,1603048374
Puerto del Rosario,28.5,-13.86,69.8,73,20,8.05,ES,1603048375
Talhar,24.88,68.82,84.99,68,4,6.55,PK,1603048375
Roanoke Rapids,36.46,-77.65,70.0,77,75,2.73,US,1603048375
Narsaq,60.92,-46.05,37.4,74,81,3.36,GL,1603048375
Pangkalanbuun,-2.68,111.62,73.58,97,100,2.57,ID,1603048376
Palu,-0.89,119.87,75.9,77,64,1.45,ID,1603048239
Fort Nelson,58.81,-122.7,14.0,78,5,3.36,CA,1603048376
Kodinsk,58.69,99.18,28.24,95,0,8.79,RU,1603048376
Labuhan,-6.88,112.21,78.37,81,39,6.93,ID,1603048376
Burla,21.5,83.87,77.07,82,100,1.39,IN,1603048377
Babushkin,51.71,105.86,42.3,65,100,8.08,RU,1603048377
Fairbanks,64.84,-147.72,12.2,78,75,1.14,US,1603048220
Xiaoshi,41.3,124.12,33.8,80,0,2.24,CN,1603048377
Wau,7.7,28.0,73.49,87,100,3.51,SS,1603048377
Nacogdoches,31.6,-94.63,84.0,69,90,13.87,US,1603048378
Noumea,-22.28,166.46,69.01,72,0,1.12,NC,1603048378
Khovd,48.01,91.64,39.0,61,100,8.68,MN,1603048378
Cidreira,-30.18,-50.21,70.68,75,9,18.86,BR,1603048379
Rawson,-43.3,-65.1,71.2,22,57,21.34,AR,1603048379
Cukai,4.25,103.42,78.8,94,100,2.24,MY,1603048379
Santa Ana,33.75,-117.87,82.0,64,20,5.82,US,1603048289
São João da Barra,-21.64,-41.05,78.8,57,75,18.34,BR,1603048380
Bahía Solano,6.23,-77.4,82.22,77,100,11.27,CO,1603048380
Smithers,54.78,-127.17,32.0,86,90,10.29,CA,1603048380
Forsytheganj,52.63,29.73,40.41,86,69,11.9,BY,1603048380
Idenao,4.25,9.0,77.0,100,40,3.36,CM,1603048380
Ustrzyki Dolne,49.43,22.59,39.0,81,77,11.01,PL,1603048381
Yen Bai,21.7,104.87,68.85,83,100,2.57,VN,1603048381
Berlevåg,70.86,29.09,28.4,100,20,4.7,NO,1603048381
Husavik,66.04,-17.34,42.8,75,90,17.22,IS,1603048381
Kokkola,63.84,23.13,37.99,100,90,1.12,FI,1603048382
Dalby,-27.18,151.27,55.0,97,31,4.76,AU,1603048382
Cascas,-7.48,-78.82,75.2,31,75,5.82,PE,1603048382
Lipin Bor,60.26,37.98,32.97,96,100,7.14,RU,1603048382
Tashara,55.52,83.51,30.94,93,54,10.85,RU,1603048383
Belyy Yar,53.6,91.39,41.0,44,40,15.66,RU,1603048383
Puerto Madryn,-42.77,-65.04,72.75,21,0,21.23,AR,1603048383
Tefé,-3.35,-64.71,93.2,67,20,2.24,BR,1603048383
Claremorris,53.72,-9.0,53.01,89,100,7.83,IE,1603048383
Maniitsoq,65.42,-52.9,39.6,92,100,25.28,GL,1603048384
Bollnäs,61.35,16.39,31.84,88,0,8.66,SE,1603048384
Storforshei,66.4,14.52,30.99,79,0,4.7,NO,1603048384
Avera,33.19,-82.53,73.4,60,90,8.05,US,1603048384
Constantine,36.37,6.61,57.2,58,0,3.36,DZ,1603048170
Rocha,-34.48,-54.33,81.16,69,7,9.91,UY,1603048385
Bellavista,-7.06,-76.59,91.4,52,40,3.36,PE,1603048385
Marawi,8.0,124.29,75.0,93,99,4.0,PH,1603048385
Sørland,67.67,12.69,42.8,70,40,17.22,NO,1603048385
Bathsheba,13.22,-59.52,86.0,70,40,8.05,BB,1603048386
Gornyak,50.99,81.47,33.1,85,0,5.53,RU,1603048386
Margate,51.38,1.39,51.01,80,22,6.22,GB,1603048386
Kampot,10.62,104.18,77.0,88,75,1.12,KH,1603048386
Raudeberg,61.99,5.14,41.0,75,99,9.17,NO,1603048387
Ponta Delgada,37.73,-25.67,62.6,55,20,10.29,PT,1603048387
Rezh,57.37,61.4,35.74,82,100,9.01,RU,1603048387
Sakakah,29.97,40.21,77.0,13,0,5.82,SA,1603048387
Inongo,-1.95,18.27,75.11,84,64,1.72,CD,1603048387
Martapura,-3.42,114.85,75.2,100,90,2.24,ID,1603048388
Port Macquarie,-31.43,152.92,60.01,99,100,1.01,AU,1603048388
Jinhua,29.11,119.65,62.01,70,100,1.48,CN,1603048388
Coahuayana Viejo,18.73,-103.68,82.4,74,40,6.93,MX,1603048388
Malaya Purga,56.56,53.0,39.0,87,100,1.99,RU,1603048389
La Rioja,-29.41,-66.85,104.94,13,0,10.11,AR,1603048267
Río Gallegos,-51.62,-69.22,53.6,30,75,29.97,AR,1603048389
Korla,41.76,86.15,50.0,84,0,5.01,CN,1603048389
Yamada,39.47,141.95,53.38,73,100,4.54,JP,1603048249
Bafut,6.08,10.1,65.21,90,100,0.85,CM,1603048390
Şuhut,38.53,30.55,60.78,66,100,5.01,TR,1603048390
Kitui,-1.37,38.01,68.85,63,5,10.27,KE,1603048390
Virginia Beach,36.85,-75.98,71.01,67,62,1.99,US,1603048264
Kruisfontein,-34.0,24.73,55.99,81,1,3.2,ZA,1603048390
Klaksvík,62.23,-6.59,39.2,93,100,5.82,FO,1603048391
Billings Metropolitan Area,45.78,-108.5,28.0,79,90,6.93,US,1603048391
Bandar-e Lengeh,26.56,54.88,77.0,38,0,2.24,IR,1603048391
Cape Coast,5.11,-1.25,77.79,89,13,8.46,GH,1603048392
Kisangani,0.52,25.2,71.38,97,89,1.99,CD,1603048392
Hambantota,6.12,81.12,78.8,83,100,3.36,LK,1603048392
Sinnamary,5.38,-52.95,86.18,64,100,10.45,GF,1603048392
Bataiporã,-22.3,-53.27,91.69,35,33,3.38,BR,1603048393
Gambēla,8.25,34.58,69.73,89,48,2.35,ET,1603048393
Krasnosel'kup,65.7,82.47,17.37,96,100,18.23,RU,1603048393
Guangyuan,32.44,105.82,57.99,94,100,2.71,CN,1603048393
Rosarito,32.33,-117.03,84.2,28,1,5.82,MX,1603048394
Nichinan,31.6,131.37,59.0,87,100,1.99,JP,1603048394
Norsup,-16.07,167.38,77.0,78,75,4.7,VU,1603048394
Saint-Augustin,51.23,-58.65,55.62,48,0,9.55,CA,1603048394
Nioro,13.35,-15.75,87.44,45,0,0.29,GM,1603048395
Northam,51.03,-4.22,51.01,88,58,8.01,GB,1603048118
Vardø,70.37,31.11,39.2,69,40,20.8,NO,1603048395
Yangi Marg`ilon,40.43,71.72,55.4,54,0,9.17,UZ,1603048117
Tomatlán,19.93,-105.25,91.15,59,62,5.75,MX,1603048395
Babanka,48.71,30.45,47.32,80,0,7.16,UA,1603048396
Balakhninskiy,58.01,114.28,28.87,96,100,2.64,RU,1603048396
Alta Floresta,-9.88,-56.09,81.68,60,84,5.88,BR,1603048396
Mamakan,57.82,114.0,32.92,93,100,2.46,RU,1603048397
Hong Kong,22.29,114.16,75.0,76,53,1.99,HK,1603048253
Tsaitien,30.58,114.03,57.2,87,86,2.24,CN,1603048397
Nishihara,26.18,127.76,77.0,88,40,4.7,JP,1603048397
Hoima,1.44,31.34,65.48,90,100,2.35,UG,1603048397
Curillo,1.03,-75.92,94.32,40,54,2.44,CO,1603048398
Mionica,44.87,18.46,43.0,93,0,1.12,BA,1603048398
Ryūō,35.65,138.5,48.0,99,0,1.86,JP,1603048398
Karratha,-20.74,116.85,64.24,82,0,12.19,AU,1603048398
Hundested,55.97,11.87,46.99,73,26,3.0,DK,1603048399
Zelenogorskiy,55.03,87.0,32.0,94,40,13.42,RU,1603048399
Verkhnyaya Inta,65.98,60.31,26.89,97,98,7.61,RU,1603048399
Grand-Lahou,5.14,-5.02,77.38,90,31,6.93,CI,1603048399
Touros,-5.2,-35.46,84.2,66,40,17.22,BR,1603048399
Praxédis Guerrero,31.37,-106.02,84.99,11,5,9.17,MX,1603048400
Longyan,25.11,117.02,60.98,87,4,3.53,CN,1603048400
Wilmington,34.23,-77.94,75.2,57,1,9.17,US,1603048302
Port Blair,11.67,92.75,80.85,83,100,13.91,IN,1603048323
Puerto Colombia,10.99,-74.95,91.4,63,40,5.82,CO,1603048401
Asău,46.43,26.4,51.8,81,67,9.17,RO,1603048401
Samarai,-10.62,150.67,78.98,88,42,6.31,PG,1603048108
Umluj,25.02,37.27,84.2,54,0,6.98,SA,1603048401
Saint-Leu,-21.15,55.28,73.4,68,8,4.7,RE,1603048401
Khed,17.72,73.38,75.2,92,79,0.51,IN,1603048402
Ciudad Bolivar,8.12,-63.55,92.75,46,88,4.16,VE,1603048402
Douglas,41.3,-96.17,41.0,44,90,10.29,US,1603048402
Port Hardy,50.7,-127.42,48.2,93,90,9.17,CA,1603048402
Gaoua,10.3,-3.25,82.69,60,38,4.27,BF,1603048402
Sechura,-5.56,-80.82,77.27,52,10,15.39,PE,1603048403
Nuuk,64.18,-51.72,51.8,62,40,21.92,GL,1603048403
Shergarh,28.65,79.35,69.84,47,0,2.89,IN,1603048403
Baraki Barak,33.97,68.95,48.29,42,0,0.45,AF,1603048403
Mayo,38.89,-76.51,66.0,59,40,5.82,US,1603048404
Verkhnyaya Maksakovka,61.63,50.97,32.0,98,75,8.95,RU,1603048404
Gweta,-20.18,25.23,85.69,14,0,4.41,BW,1603048404
Caravelas,-17.71,-39.25,76.26,72,50,10.25,BR,1603048404
Colina,-20.71,-48.54,87.33,38,100,1.12,BR,1603048405
Yefremov,53.15,38.1,39.43,73,100,17.47,RU,1603048405
Twin Falls,42.35,-114.64,64.4,34,1,17.22,US,1603048405
Barcelona,41.39,2.16,63.0,77,52,3.36,ES,1603048405
Phalaborwa,-23.94,31.14,84.2,48,22,5.82,ZA,1603048405
Yuci,37.68,112.73,39.2,69,0,2.24,CN,1603048406
Örebro,59.27,15.21,42.8,41,0,9.17,SE,1603048406
Qiongshan,20.01,110.35,77.0,78,90,13.42,CN,1603048406
Invercargill,-46.4,168.35,46.99,94,100,2.57,NZ,1603048309
Brawley,32.98,-115.53,93.0,18,1,1.07,US,1603048406
Alice Town,25.72,-79.3,79.59,78,100,23.89,BS,1603048407
Man,7.41,-7.55,74.91,85,94,2.59,CI,1603048407
Okitipupa,6.5,4.78,75.9,92,0,3.2,NG,1603048407
Mbini,1.57,9.61,80.6,94,40,4.7,GQ,1603048408
Bayir,37.27,28.22,71.6,83,75,4.7,TR,1603048408
Coos Bay,43.37,-124.22,70.0,77,90,5.21,US,1603048408
Şile,41.18,29.61,64.99,69,100,5.01,TR,1603048408
Katherine,-14.47,132.27,82.4,65,40,8.05,AU,1603048409
Ixtapa,20.7,-105.2,89.6,66,75,4.7,MX,1603048240
Maraã,-1.83,-65.37,82.04,72,88,2.73,BR,1603048409
Zhigansk,66.77,123.37,10.71,94,77,5.41,RU,1603048409
Yokadouma,3.52,15.05,71.55,92,64,1.66,CM,1603048409
Pangody,65.85,74.49,24.73,97,30,13.4,RU,1603048410
Pringsewu,-5.36,104.97,73.99,94,94,2.51,ID,1603048410
Acapulco de Juárez,16.86,-99.89,86.0,74,40,5.82,MX,1603048335
Morro Bay,35.37,-120.85,84.0,38,7,3.0,US,1603048410
Desaguadero,-16.57,-69.04,54.54,43,92,15.14,PE,1603048411
Quelimane,-17.88,36.89,75.0,83,0,4.7,MZ,1603048411
Malé,4.17,73.51,82.4,83,75,9.17,MV,1603048376
Gaya,24.78,85.0,77.0,94,40,3.42,IN,1603048411
Keuruu,62.27,24.7,34.0,96,90,6.93,FI,1603048411
Manakara,-22.13,48.02,71.11,85,96,8.55,MG,1603048412
Olinda,-8.01,-34.86,82.4,65,40,13.87,BR,1603048412
Jacobina,-11.18,-40.52,86.11,44,10,11.12,BR,1603048412
Ørje,59.48,11.66,37.0,74,0,5.41,NO,1603048412
Kuytun,54.34,101.5,43.45,77,100,3.15,RU,1603048126
Ginir,7.13,40.7,60.04,93,97,3.94,ET,1603048413
Tambun,-6.26,107.07,79.0,78,20,2.24,ID,1603048413
Payakumbuh,-0.22,100.63,70.27,84,92,2.1,ID,1603048413
Sokoni,-6.43,39.55,78.8,78,20,5.82,TZ,1603048413
Shubarkuduk,49.14,56.49,55.53,35,0,10.71,KZ,1603048414
Huarmey,-10.07,-78.15,69.66,64,16,10.11,PE,1603048414
Nemuro,43.32,145.57,54.18,74,0,14.18,JP,1603048414
Adrar,20.5,-10.07,92.59,17,4,9.42,MR,1603048414
Grindavik,63.84,-22.43,42.8,81,40,21.92,IS,1603048415
Løding,67.3,14.75,32.0,73,20,6.93,NO,1603048415
Maple Creek,49.92,-109.48,22.03,85,100,5.12,CA,1603048273
Marathon,44.9,-89.77,42.01,48,1,16.11,US,1603048416
Cabedelo,-6.98,-34.83,86.0,58,20,14.99,BR,1603048416
Estevan,49.13,-102.98,24.8,53,90,17.22,CA,1603048416
Zhangye,38.93,100.45,41.36,53,31,1.81,CN,1603048416
Reconquista,-29.15,-59.65,93.15,42,0,9.62,AR,1603048416
Neuquén,-38.95,-68.06,75.2,14,0,6.93,AR,1603048356
Røros,62.57,11.38,30.2,80,73,8.05,NO,1603048417
Kedrovyy,56.17,91.82,33.8,55,40,13.42,RU,1603048417
Broome,42.25,-75.83,59.0,32,1,19.46,US,1603048417
East Moline,41.5,-90.44,39.99,80,90,8.05,US,1603048356
Alberton,46.82,-64.07,50.92,52,68,5.37,CA,1603048418
Nieves,15.33,120.95,75.2,94,75,2.24,PH,1603048418
Jacobabad,28.28,68.44,74.3,17,0,1.68,PK,1603048418
Yumen,40.28,97.2,45.64,43,100,19.95,CN,1603048419
Kargasok,59.06,80.86,30.25,94,99,16.6,RU,1603048419
Hokitika,-42.72,170.97,52.61,92,100,11.18,NZ,1603048160
